﻿<?xml version="1.0" encoding="UTF-8" standalone="yes"?>
<addon id="Kodi-do-veio" name="Veio repository" version="0.0.2" provider-name=" jvmgames">
	<extension point="xbmc.addon.repository" name="Demonstration Add-on Repository">
		<info compressed="false">http://raw.github.com/jvmgames/Kodi-do-veio/master/addons.xml</info>
		<checksum>http://raw.github.com/jvmgames/Kodi-do-veio/master/addons.xml.md5</checksum>
		<datadir zip="true">http://raw.github.com/jvmgames/Kodi-do-veio/master/repo/</datadir>
	</extension>
	<extension point="xbmc.addon.metadata">
		<summary>Veio Addon</summary>
		<description>Addon Description</description>
		<disclaimer></disclaimer>
		<platform>all</platform>
	</extension>
</addon>